{
    "output/DP/Art/output_l1_w1_DP.png": {
        "SSIM": 0.23326537776245715,
        "MSE": 0.1864258758660432,
        "NCC": 0.34310199881253606
    },
    "output/DP/Art/output_l3_w1_DP.png": {
        "SSIM": 0.37666790073095857,
        "MSE": 0.06486108627470268,
        "NCC": 0.6124410851969693
    },
    "output/DP/Art/output_l5_w1_DP.png": {
        "SSIM": 0.5218761335614107,
        "MSE": 0.055099935937228096,
        "NCC": 0.6822052586293958
    },
    "output/DP/Art/output_l7_w1_DP.png": {
        "SSIM": 0.5693852278525375,
        "MSE": 0.052734707044313156,
        "NCC": 0.6304021084085897
    },
    "output/DP/Art/output_l9_w1_DP.png": {
        "SSIM": 0.5865453284520717,
        "MSE": 0.05192598544920741,
        "NCC": 0.8839693156178242
    },
    "output/DP/Reindeer/output_l1_w1_DP.png": {
        "SSIM": 0.27688543956835693,
        "MSE": 0.24501293042255656,
        "NCC": 0.4197430996499625
    },
    "output/DP/Reindeer/output_l3_w1_DP.png": {
        "SSIM": 0.5371477913510231,
        "MSE": 0.05115224946304486,
        "NCC": 0.753989136833063
    },
    "output/DP/Reindeer/output_l5_w1_DP.png": {
        "SSIM": 0.5794369887320083,
        "MSE": 0.04313371754236274,
        "NCC": 0.8162927987641577
    },
    "output/DP/Reindeer/output_l7_w1_DP.png": {
        "SSIM": 0.6308749035283797,
        "MSE": 0.041631566068704697,
        "NCC": 0.850633385396654
    },
    "output/DP/Reindeer/output_l9_w1_DP.png": {
        "SSIM": 0.6508016011592028,
        "MSE": 0.04101545887152854,
        "NCC": 0.854587611910052
    },
    "output/DP/Laundry/output_l1_w1_DP.png": {
        "SSIM": 0.13078382780311243,
        "MSE": 0.2391362519990674,
        "NCC": 0.25655189160036423
    },
    "output/DP/Laundry/output_l3_w1_DP.png": {
        "SSIM": 0.4056317425297184,
        "MSE": 0.05738311025782879,
        "NCC": 0.6211393105548374
    },
    "output/DP/Laundry/output_l5_w1_DP.png": {
        "SSIM": 0.5725757530904171,
        "MSE": 0.03977128233104496,
        "NCC": 0.7859473319246664
    },
    "output/DP/Laundry/output_l7_w1_DP.png": {
        "SSIM": 0.5965546416779275,
        "MSE": 0.03454785303227237,
        "NCC": 0.8139968042975797
    },
    "output/DP/Laundry/output_l9_w1_DP.png": {
        "SSIM": 0.6176373163358785,
        "MSE": 0.03274199031644209,
        "NCC": 0.9209397937690966
    },
    "output/DP/Dolls/output_l1_w1_DP.png": {
        "SSIM": 0.2765439783394396,
        "MSE": 0.15168033580209508,
        "NCC": 0.2259497534822496
    },
    "output/DP/Dolls/output_l3_w1_DP.png": {
        "SSIM": 0.4565014843290286,
        "MSE": 0.04077534606801224,
        "NCC": 0.3452646616153834
    },
    "output/DP/Dolls/output_l5_w1_DP.png": {
        "SSIM": 0.6267144321952671,
        "MSE": 0.03130011850112284,
        "NCC": 0.4851843894256833
    },
    "output/DP/Dolls/output_l7_w1_DP.png": {
        "SSIM": 0.6445812098507313,
        "MSE": 0.02853577412094013,
        "NCC": 0.503678934934003
    },
    "output/DP/Dolls/output_l9_w1_DP.png": {
        "SSIM": 0.6728420165186215,
        "MSE": 0.027304479818656635,
        "NCC": 0.49644257323055985
    },
    "output/DP/Moebius/output_l1_w1_DP.png": {
        "SSIM": 0.1905804023296443,
        "MSE": 0.32732477965182355,
        "NCC": -0.030173927108558308
    },
    "output/DP/Moebius/output_l3_w1_DP.png": {
        "SSIM": 0.41797905137613567,
        "MSE": 0.053975497683773695,
        "NCC": 0.04512139878549334
    },
    "output/DP/Moebius/output_l5_w1_DP.png": {
        "SSIM": 0.6083695424126027,
        "MSE": 0.03907418604174712,
        "NCC": 0.19661578850901607
    },
    "output/DP/Moebius/output_l7_w1_DP.png": {
        "SSIM": 0.666395602217549,
        "MSE": 0.03526577818061051,
        "NCC": 0.39333948489549597
    },
    "output/DP/Moebius/output_l9_w1_DP.png": {
        "SSIM": 0.690818684807229,
        "MSE": 0.03391087522501276,
        "NCC": 0.6133906389123334
    },
    "output/DP/Books/output_l1_w1_DP.png": {
        "SSIM": 0.19100970896604413,
        "MSE": 0.2869839868469677,
        "NCC": 0.5309127193048698
    },
    "output/DP/Books/output_l3_w1_DP.png": {
        "SSIM": 0.5191449089528647,
        "MSE": 0.06776772355633004,
        "NCC": 0.30359674788256985
    },
    "output/DP/Books/output_l5_w1_DP.png": {
        "SSIM": 0.5238825721217457,
        "MSE": 0.04477013023025651,
        "NCC": 0.4887214377881666
    },
    "output/DP/Books/output_l7_w1_DP.png": {
        "SSIM": 0.6120988252227417,
        "MSE": 0.035843513558631024,
        "NCC": 0.6038527179986615
    },
    "output/DP/Books/output_l9_w1_DP.png": {
        "SSIM": 0.6491914254040754,
        "MSE": 0.03132714961347907,
        "NCC": 0.6125999906187338
    },
    "output/naive/Art/output_w9_naive.png": {
        "SSIM": 0.25628666072989054,
        "MSE": 0.28917590813439187,
        "NCC": 0.7806644051722365
    },
    "output/naive/Reindeer/output_w9_naive.png": {
        "SSIM": 0.3668397251170944,
        "MSE": 0.3073863526778879,
        "NCC": 0.6292526955776312
    },
    "output/naive/Laundry/output_w9_naive.png": {
        "SSIM": 0.18333459415772577,
        "MSE": 0.3674998028672231,
        "NCC": 0.7534802429404803
    },
    "output/naive/Dolls/output_w9_naive.png": {
        "SSIM": 0.5672108501002682,
        "MSE": 0.18547519875354232,
        "NCC": 0.7820137691927057
    },
    "output/naive/Moebius/output_w9_naive.png": {
        "SSIM": 0.41387684039912903,
        "MSE": 0.2566278262917182,
        "NCC": 0.38117016428957984
    },
    "output/naive/Books/output_w9_naive.png": {
        "SSIM": 0.626549557758461,
        "MSE": 0.192317127246272,
        "NCC": 0.879312073954875
    },
    "output/naive/Art/output_w1_naive.png": {
        "SSIM": -0.006165285668623154,
        "MSE": 2.653421467315315e-07,
        "NCC": -0.015278404999672352
    },
    "output/naive/Art/output_w3_naive.png": {
        "SSIM": -0.01020503461015191,
        "MSE": 3.509941650058135e-07,
        "NCC": 0.04675321182255093
    },
    "output/naive/Art/output_w5_naive.png": {
        "SSIM": 0.01613105786520733,
        "MSE": 3.478273943852053e-07,
        "NCC": 0.09013173765076585
    },
    "output/naive/Art/output_w7_naive.png": {
        "SSIM": 0.1288569410986258,
        "MSE": 3.192054663573874e-07,
        "NCC": 0.1311658173181377
    },
    "output/naive/Reindeer/output_w1_naive.png": {
        "SSIM": 0.01041590627382132,
        "MSE": 2.676553007242777e-07,
        "NCC": 0.05576102553654473
    },
    "output/naive/Reindeer/output_w3_naive.png": {
        "SSIM": 0.0005623704069769326,
        "MSE": 3.7398703888318784e-07,
        "NCC": 0.041746197074985836
    },
    "output/naive/Reindeer/output_w5_naive.png": {
        "SSIM": 0.05506403041091941,
        "MSE": 3.764851601111323e-07,
        "NCC": 0.12572548978398831
    },
    "output/naive/Reindeer/output_w7_naive.png": {
        "SSIM": 0.19587067611923362,
        "MSE": 3.4620510310401866e-07,
        "NCC": 0.2012564326969243
    },
    "output/naive/Laundry/output_w1_naive.png": {
        "SSIM": -0.006787850028748514,
        "MSE": 2.7599104760905185e-07,
        "NCC": 0.024591783155319537
    },
    "output/naive/Laundry/output_w3_naive.png": {
        "SSIM": -0.007703513769383518,
        "MSE": 3.8459786877984877e-07,
        "NCC": 0.007922101280348913
    },
    "output/naive/Laundry/output_w5_naive.png": {
        "SSIM": 0.015975180509941685,
        "MSE": 3.985705038208692e-07,
        "NCC": 0.03216054040689781
    },
    "output/naive/Laundry/output_w7_naive.png": {
        "SSIM": 0.09232934197214783,
        "MSE": 3.86117501920599e-07,
        "NCC": 0.06807356788440541
    },
    "output/naive/Dolls/output_w1_naive.png": {
        "SSIM": 0.0020265717721567314,
        "MSE": 2.4396931101002746e-07,
        "NCC": 0.06644177851056553
    },